[{"id":"5632330c.2e43fc","type":"tab","label":"Flow 2","disabled":false,"info":""},{"id":"b7e7ea2c4f6fb9ef","type":"mqtt in","z":"5632330c.2e43fc","name":"Donnees_MQTT_Recu","topic":"donnees","qos":"2","datatype":"auto","broker":"3e347cd6.3b4254","nl":false,"rap":true,"rh":0,"inputs":0,"x":130,"y":220,"wires":[["075ec52ce3fa1f73","503f945e60267f8d","098fb41bc2416229","8b53a5e5453c173c"]]},{"id":"503f945e60267f8d","type":"function","z":"5632330c.2e43fc","name":"recup humidité","func":"pos=msg.payload.lastIndexOf(\"x.\");\nmsg.payload=msg.payload.substring(pos+7, pos+12);\nreturn msg;","outputs":1,"noerr":0,"initialize":"","finalize":"","libs":[],"x":400,"y":260,"wires":[["21f7d4f60460d6b7"]]},{"id":"075ec52ce3fa1f73","type":"ui_gauge","z":"5632330c.2e43fc","name":"","group":"dc04716146656511","order":0,"width":0,"height":0,"gtype":"gage","title":"Temperature","label":"'C","format":"{{value}}","min":0,"max":"100","colors":["#b30000","#e60000","#ca3838"],"seg1":"","seg2":"","className":"","x":810,"y":220,"wires":[]},{"id":"21f7d4f60460d6b7","type":"ui_gauge","z":"5632330c.2e43fc","name":"","group":"dc04716146656511","order":1,"width":0,"height":0,"gtype":"gage","title":"Humidité","label":"%","format":"{{value}}","min":0,"max":"100","colors":["#000cb3","#0026e6","#3acbc1"],"seg1":"","seg2":"","className":"","x":800,"y":260,"wires":[]},{"id":"098fb41bc2416229","type":"function","z":"5632330c.2e43fc","name":"recup pression","func":"pos=msg.payload.lastIndexOf(\"x.\");\nmsg.payload=msg.payload.substring(pos+12, pos+20);\nreturn msg;","outputs":1,"noerr":0,"initialize":"","finalize":"","libs":[],"x":400,"y":320,"wires":[["2e068e99420bbc64"]]},{"id":"2e068e99420bbc64","type":"ui_gauge","z":"5632330c.2e43fc","name":"","group":"dc04716146656511","order":1,"width":0,"height":0,"gtype":"gage","title":"Pression","label":"Pa","format":"{{value}}","min":"950","max":"1050","colors":["#00b500","#e6e600","#ca3838"],"seg1":"","seg2":"","className":"","x":800,"y":320,"wires":[]},{"id":"8b53a5e5453c173c","type":"function","z":"5632330c.2e43fc","name":"qualité","func":"if(msg.payload>25)\nmsg.payload= \"La qualité de l'air est mauvaise aujourd'hui\"\nelse\nmsg.payload=\"La qualité de l'air est bonne aujourd'hui\"\nreturn msg;","outputs":1,"noerr":0,"initialize":"","finalize":"","libs":[],"x":370,"y":180,"wires":[["6ce62a97e23b698c"]]},{"id":"8cb5a74b23b633bd","type":"ui_audio","z":"5632330c.2e43fc","name":"","group":"dc04716146656511","voice":"com.apple.speech.synthesis.voice.thomas","always":true,"x":800,"y":180,"wires":[]},{"id":"6ce62a97e23b698c","type":"trigger","z":"5632330c.2e43fc","name":"","op1":"","op2":"","op1type":"pay","op2type":"nul","duration":"5","extend":false,"overrideDelay":false,"units":"s","reset":"","bytopic":"all","topic":"topic","outputs":1,"x":560,"y":180,"wires":[["8cb5a74b23b633bd"]]},{"id":"3e347cd6.3b4254","type":"mqtt-broker","name":"","broker":"192.168.1.19","port":"1883","clientid":"","autoConnect":true,"usetls":false,"protocolVersion":"4","keepalive":"60","cleansession":true,"birthTopic":"","birthQos":"0","birthPayload":"","birthMsg":{},"closeTopic":"","closeQos":"0","closePayload":"","closeMsg":{},"willTopic":"","willQos":"0","willPayload":"","willMsg":{},"sessionExpiry":""},{"id":"dc04716146656511","type":"ui_group","name":"Home","tab":"6d3f9c79f9c6d31c","order":1,"disp":true,"width":"6","collapse":false,"className":""},{"id":"6d3f9c79f9c6d31c","type":"ui_tab","name":"Home","icon":"dashboard","disabled":false,"hidden":false}]