[
    {
        "id": "42b81a23ae72a0b2",
        "type": "tab",
        "label": "Flow 2",
        "disabled": false,
        "info": "",
        "env": []
    },
    {
        "id": "61ed0c8899b3a326",
        "type": "mqtt out",
        "z": "42b81a23ae72a0b2",
        "name": "valeur_bamba_envoye",
        "topic": "donnees",
        "qos": "",
        "retain": "",
        "respTopic": "",
        "contentType": "",
        "userProps": "",
        "correl": "",
        "expiry": "",
        "broker": "6dd227b618baddfa",
        "x": 640,
        "y": 180,
        "wires": []
    },
    {
        "id": "35768744496a509e",
        "type": "exec",
        "z": "42b81a23ae72a0b2",
        "command": "python3 /home/pi/Desktop/test.py",
        "addpay": "",
        "append": "",
        "useSpawn": "false",
        "timer": "",
        "winHide": false,
        "oldrc": false,
        "name": "",
        "x": 360,
        "y": 180,
        "wires": [
            [
                "61ed0c8899b3a326"
            ],
            [
                "61ed0c8899b3a326"
            ],
            []
        ]
    },
    {
        "id": "d53148bb18e324e6",
        "type": "inject",
        "z": "42b81a23ae72a0b2",
        "name": "",
        "props": [
            {
                "p": "payload"
            },
            {
                "p": "topic",
                "vt": "str"
            }
        ],
        "repeat": "1",
        "crontab": "",
        "once": false,
        "onceDelay": 0.1,
        "topic": "",
        "payloadType": "date",
        "x": 130,
        "y": 180,
        "wires": [
            [
                "35768744496a509e"
            ]
        ]
    },
    {
        "id": "6dd227b618baddfa",
        "type": "mqtt-broker",
        "name": "",
        "broker": "localhost",
        "port": "1883",
        "clientid": "",
        "autoConnect": true,
        "usetls": false,
        "protocolVersion": "4",
        "keepalive": "60",
        "cleansession": true,
        "birthTopic": "",
        "birthQos": "0",
        "birthPayload": "",
        "birthMsg": {},
        "closeTopic": "",
        "closeQos": "0",
        "closePayload": "",
        "closeMsg": {},
        "willTopic": "",
        "willQos": "0",
        "willPayload": "",
        "willMsg": {},
        "sessionExpiry": ""
    }
]